,#,Player,Time,Date,Platform,Verified
0,1,Suigi,5728,2024-11-03,Nintendo 64,True
1,2,ikori_o,5730,2025-03-18,Nintendo 64,True
2,3,Weegee,5762,2024-07-06,Nintendo 64,True
3,3,Karin,5762,2025-02-15,Nintendo 64,True
4,5,Kally,5793,2025-05-01,Nintendo 64,True
5,6,Parsee02,5804,2024-05-15,Nintendo 64,True
6,6,cheese,5804,2024-06-12,Nintendo 64,True
7,8,Smau,5818,2025-04-30,Nintendo 64,True
8,9,marlene,5823,2023-10-22,Nintendo 64,True
9,10,simply,5826,2024-09-26,Nintendo 64,True
10,11,BeastAssassin67,5827,2025-02-22,Nintendo 64,True
11,12,Liam,5837,2023-11-23,Nintendo 64,True
12,13,puncayshun,5846,2024-09-15,Nintendo 64,True
13,14,batora,5860,2023-11-04,Nintendo 64,True
14,15,Dezanig,5875,2024-03-21,Nintendo 64,True
15,15,beeve,5875,2025-04-23,Nintendo 64,True
16,17,Mauir,5901,2024-07-16,Nintendo 64,True
17,18,Dowsky,5909,2024-02-10,Nintendo 64,True
18,19,KANNO,5925,2024-03-20,Nintendo 64,True
19,20,Raisn,5933,2023-11-09,Nintendo 64,True
20,20,GothicLogic,5933,2024-07-14,Nintendo 64,True
21,22,hokorobi,5934,2021-01-31,Nintendo 64,True
22,22,Taggo,5934,2021-06-26,Nintendo 64,True
23,24,Dekudude,5938,2024-09-09,Nintendo 64,True
24,25,Paracusia,5940,2021-09-24,Nintendo 64,True
25,26,jaquarium,5941,2025-04-04,Nintendo 64,True
26,27,taciturn,5942,2024-08-06,Nintendo 64,True
27,28,Dwhatever,5947,2023-10-19,Nintendo 64,True
28,29,BlueBob,5949,2024-05-20,Nintendo 64,True
29,30,RianDiCielo,5959,2024-07-14,Wii Virtual Console,True
30,31,Sabxander,5961,2025-01-28,Nintendo 64,True
31,32,Avatar,5967,2024-10-26,Nintendo 64,True
32,33,Nebula,5968,2021-03-10,Nintendo 64,True
33,34,HorrorDoesSpeedRuns,5971,2024-12-18,Nintendo 64,True
34,35,Odme_,5984,2025-02-11,Wii Virtual Console,True
35,36,crazywhw,5986,2025-05-05,Nintendo 64,True
36,37,Sigotu,5991,2022-02-12,Nintendo 64,True
37,37,Taki,5991,2023-06-22,Nintendo 64,True
38,39,sorichi,5993,2024-10-14,Nintendo 64,True
39,40,FailmanFlo,5994,2024-03-10,Nintendo 64,True
40,41,Terji,5997,2022-10-23,Nintendo 64,True
41,42,nindiddeh,6003,2021-11-13,Nintendo 64,True
42,43,Gainai,6012,2021-05-16,Nintendo 64,True
43,44,Drac,6020,2024-04-15,Nintendo 64,True
44,45,RockChalk19,6021,2021-04-04,Nintendo 64,True
45,46,kagami,6025,2021-11-20,Nintendo 64,True
46,47,piegolds,6039,2024-07-22,Nintendo 64,True
47,48,Aleph64,6040,2022-10-30,Wii Virtual Console,True
48,49,Fafel,6043,2020-11-11,Nintendo 64,True
49,50,Soda,6046,2024-02-03,Wii Virtual Console,True
50,51,Zhilkan,6049,2023-08-03,Nintendo 64,True
51,52,dista,6056,2025-03-31,Nintendo 64,True
52,53,EthanRTA,6058,2024-08-07,Nintendo 64,True
53,54,KobrahCJ,6059,2023-05-23,Nintendo 64,True
54,55,Chemus,6061,2025-02-22,Nintendo 64,True
55,56,vitroncio,6062,2024-02-21,Nintendo 64,True
56,57,squimmie,6064,2025-01-26,Nintendo 64,True
57,58,kryptic80,6075,2024-09-01,Nintendo 64,True
58,59,Blakeo2,6076,2025-02-22,Nintendo 64,True
59,60,Xx_Mario_xX,6084,2025-03-16,Nintendo 64,True
60,61,JJsrl,6097,2023-12-30,Wii Virtual Console,True
61,62,Tabascoth,6101,2021-10-04,Nintendo 64,True
62,63,Goldrush,6103,2021-01-02,Nintendo 64,True
63,64,ringo792,6109,2024-01-21,Nintendo 64,True
64,65,Redmoss,6110,2024-02-01,Nintendo 64,True
65,66,Wilko,6112,2024-06-09,Nintendo 64,True
66,67,Finnii602,6114,2023-07-26,Wii Virtual Console,True
67,68,Kaylee_,6115,2023-01-10,Nintendo 64,True
68,68,Leysauce,6115,2023-12-06,Nintendo 64,True
69,70,Frost_Byte,6119,2024-02-09,Nintendo 64,True
70,71,Afrodafro,6122,2023-02-21,Nintendo 64,True
71,72,GoodGrieth,6127,2025-04-08,Nintendo 64,True
72,73,nero_x2,6129,2015-03-06,Nintendo 64,True
73,74,groovy31,6130,2018-08-11,Nintendo 64,True
74,75,GUTOA,6133,2017-05-03,Nintendo 64,True
75,76,badroenis,6134,2022-04-26,Nintendo 64,True
76,76,rig_,6134,2025-05-07,Nintendo 64,True
77,78,Shans,6143,2020-02-12,Nintendo 64,True
78,79,phantaxx,6144,2018-11-03,Nintendo 64,True
79,79,ChipGroove,6144,2022-04-17,Nintendo 64,True
80,81,akki,6146,2020-10-22,Nintendo 64,True
81,82,toastrider91,6148,2015-11-08,Nintendo 64,True
82,83,meephs,6149,2025-01-20,Nintendo 64,True
83,84,saksdal,6153,2023-06-14,Nintendo 64,True
84,84,taylor3311,6153,2024-07-02,Nintendo 64,True
85,86,V1RO,6162,2019-05-11,Nintendo 64,True
86,87,Heisenburger,6166,2021-11-22,Nintendo 64,True
87,88,happydude124,6169,2024-09-10,Nintendo 64,True
88,89,Bluth,6172,2022-07-09,Nintendo 64,True
89,90,chubby,6173,2021-08-18,Nintendo 64,True
90,91,ElDeve,6174,2024-03-07,Nintendo 64,True
91,92,mikkix3,6175,2023-04-29,Nintendo 64,True
92,93,markinator99,6181,2023-05-14,Nintendo 64,True
93,94,turara32767,6194,2021-12-07,Nintendo 64,True
94,95,Drogie,6196,2021-01-13,Nintendo 64,True
95,96,siglemic,6202,2013-08-19,Wii Virtual Console,True
96,97,[jp]アキラ (Akira),6203,2017-02-20,Nintendo 64,True
97,98,jane_dair,6205,2020-12-18,Nintendo 64,True
98,99,[jp]Melty,6206,2024-08-02,Nintendo 64,True
99,100,TriforceTK,6207,2024-09-03,Nintendo 64,True
100,100,Apeduden,6207,2025-05-02,Nintendo 64,True
101,102,tomkabs,6208,2022-02-23,Nintendo 64,True
102,103,Rynnoo,6209,2025-04-06,Nintendo 64,True
103,104,[jp]でさんと (Descente),6210,2019-02-23,Nintendo 64,True
104,104,darkdog47,6210,2021-08-08,Nintendo 64,True
105,104,Fuff,6210,2023-11-04,Nintendo 64,True
106,107,Xoofey,6212,2020-08-18,Nintendo 64,True
107,107,Falcon,6212,2022-06-17,Nintendo 64,True
108,109,Geenix,6216,2024-10-26,Nintendo 64,True
109,110,Issey,6217,2013-08-18,Wii Virtual Console,True
110,111,RONC3NA,6222,2025-04-19,Nintendo 64,True
111,112,Haliinen,6227,2015-04-07,Nintendo 64,True
112,112,Heyzeus,6227,2024-05-30,Nintendo 64,True
113,114,PhoenixAUS,6228,2025-04-14,Nintendo 64,True
114,115,Widdit,6232,2021-09-03,Nintendo 64,True
115,116,CpKaka,6233,2014-12-04,Wii Virtual Console,True
116,117,Flippy_o,6235,2016-09-11,Nintendo 64,True
117,117,lunarjump,6235,2024-02-13,Nintendo 64,True
118,117,Zapy,6235,2024-03-08,Nintendo 64,True
119,120,Zinsch,6238,2025-01-23,Nintendo 64,True
120,121,[us]Deftek,6240,2015-01-05,Nintendo 64,True
121,122,Xein64,6248,2021-03-13,Nintendo 64,True
122,122,Gerbiez,6248,2023-04-27,Nintendo 64,True
123,124,Susano130,6253,2024-12-01,Nintendo 64,True
124,125,JMill,6256,2019-11-29,Nintendo 64,True
125,126,Fizz,6260,2023-12-13,Wii Virtual Console,True
126,126,FelizAvis,6260,2025-04-24,Nintendo 64,True
127,128,Sunnard,6262,2024-07-23,Nintendo 64,True
128,129,BenedictFleur123,6266,2025-03-22,Nintendo 64,True
129,130,bebopbandit,6268,2020-07-10,Nintendo 64,True
130,131,[jp]Hayato,6269,2017-05-04,Nintendo 64,True
131,132,packerzilla,6280,2024-07-08,Nintendo 64,True
132,132,FleetingAzure,6280,2025-03-24,Nintendo 64,True
133,134,Zaikenator,6282,2025-04-08,Nintendo 64,True
134,135,Schnoz64,6283,2021-09-18,Nintendo 64,True
135,135,PKT_S,6283,2022-04-25,Nintendo 64,True
136,137,shikibi_hiiro,6284,2024-08-31,Nintendo 64,True
137,138,gohanie,6285,2016-04-14,Nintendo 64,True
138,138,Mitagi,6285,2017-05-20,Nintendo 64,True
139,140,NewmanBeatbox,6287,2024-12-11,Nintendo 64,True
140,141,SubmarineCpt,6288,2024-01-24,Nintendo 64,True
141,142,tanepota,6289,2023-02-05,Nintendo 64,True
142,143,[jp]はちみつ (Honey),6291,2013-02-17,Nintendo 64,True
143,144,luke994,6296,2014-12-23,Nintendo 64,True
144,144,King_bay,6296,2024-12-07,Nintendo 64,True
145,144,Vadien,6296,2025-02-27,Nintendo 64,True
146,147,nidamario,6306,2022-05-31,Nintendo 64,True
147,148,Butterlord,6309,2021-02-03,Nintendo 64,True
148,149,FireGoesFast,6310,2022-11-16,Wii Virtual Console,True
149,150,52koney,6311,2024-11-09,Nintendo 64,True
150,151,BigCheese,6316,2024-08-06,Wii Virtual Console,True
151,152,Animazism,6317,2017-02-25,Nintendo 64,True
152,153,Alkobakknarko,6318,2017-04-27,Nintendo 64,True
153,154,CheesyLeech,6321,2023-05-26,Nintendo 64,True
154,155,inferno676,6326,2024-06-21,Nintendo 64,True
155,156,Noizeeh,6327,2015-01-28,Nintendo 64,True
156,157,protoman5,6328,2019-09-01,Nintendo 64,True
157,158,dinkyslinky,6329,2021-12-08,Nintendo 64,True
158,158,Maosfx,6329,2024-07-23,Nintendo 64,True
159,160,m_vitor,6331,2020-01-10,Nintendo 64,True
160,160,Darrow25,6331,2020-09-28,Wii Virtual Console,True
161,162,Seba54,6334,2023-01-21,Nintendo 64,True
162,163,SuperViperT302,6337,2020-09-21,Nintendo 64,True
163,164,bromario28,6338,2021-09-26,Nintendo 64,True
164,165,Biinny,6339,2019-05-05,Nintendo 64,True
165,166,incha4416,6349,2023-01-29,Nintendo 64,True
166,167,Hampern,6352,2014-04-18,Nintendo 64,True
167,168,ricefarmer41,6353,2024-11-01,Nintendo 64,True
168,169,Semaa,6354,2024-03-24,Nintendo 64,True
169,170,latyy,6356,2021-10-29,Nintendo 64,True
170,171,amsixx,6357,2023-06-18,Nintendo 64,True
171,172,Beuca,6358,2019-06-24,Nintendo 64,True
172,172,Yale,6358,2023-08-03,Nintendo 64,True
173,174,[jp]こど (Codo),6359,2017-08-21,Nintendo 64,True
174,175,Elva,6360,2022-11-16,Nintendo 64,True
175,176,Creator_Destroyer,6367,2021-04-10,Nintendo 64,True
176,177,Gana64,6368,2017-06-02,Nintendo 64,True
177,177,arwyMilo,6368,2018-03-11,Nintendo 64,True
178,179,ZeusSM64,6369,2022-07-15,Nintendo 64,True
179,180,ClintStevens,6376,2022-07-14,Nintendo 64,True
180,181,josierandom,6377,2019-07-11,Nintendo 64,True
181,182,ZDeztroyerz,6379,2017-08-27,Nintendo 64,True
182,182,ErikaSunrose,6379,2023-06-17,Nintendo 64,True
183,184,OkamiBW,6380,2021-06-02,Wii Virtual Console,True
184,185,collins_vg,6381,2024-01-29,Nintendo 64,True
185,186,Dezod,6384,2023-01-19,Nintendo 64,True
186,187,Gravydos,6386,2023-03-19,Nintendo 64,True
187,188,alaris,6393,2022-06-19,Nintendo 64,True
188,188,spiny07,6393,2024-11-09,Nintendo 64,True
189,190,ReallyBadDK,6399,2023-06-11,Nintendo 64,True
190,190,oatslice,6399,2024-08-04,Nintendo 64,True
191,192,pobo,6411,2014-10-20,Nintendo 64,True
192,193,CapruSin,6412,2024-02-09,Nintendo 64,True
193,194,spener1122,6413,2023-02-23,Nintendo 64,True
194,195,Unknown1470,6414,2022-01-11,Nintendo 64,True
195,196,watapachi67,6416,2020-09-01,Nintendo 64,True
196,197,Tit0MEX_64,6419,2024-02-25,Nintendo 64,True
197,198,Fuzzyness,6422,2020-07-29,Nintendo 64,True
198,199,trevor107,6424,2016-06-30,Nintendo 64,True
199,199,Shy,6424,2017-02-28,Nintendo 64,True
200,201,egaSyeliR,6427,2022-05-31,Nintendo 64,True
201,202,manxmud,6435,2022-07-22,Nintendo 64,True
202,203,[jp]平ボム (Hirabomb),6436,2014-12-30,Nintendo 64,True
203,204,AJLane,6437,2024-08-04,Nintendo 64,True
204,205,Marco,6446,2022-02-27,Nintendo 64,True
205,206,peta,6447,2020-12-19,Nintendo 64,True
206,207,Muimania,6451,2022-08-10,Nintendo 64,True
207,208,GrievousD2,6454,2024-12-20,Nintendo 64,True
208,209,popesquidward,6460,2021-12-22,Nintendo 64,True
209,209,Lemoniau,6460,2025-04-16,Nintendo 64,True
210,211,JDee,6461,2023-07-08,Nintendo 64,True
211,211,MrFroggy,6461,2024-08-18,Nintendo 64,True
212,213,pete,6462,2023-11-04,Nintendo 64,True
213,214,ThatDrunkenDwarf,6463,2021-08-27,Nintendo 64,True
214,215,[jp]Teguru,6466,2018-09-17,Nintendo 64,True
215,215,m0m0,6466,2019-03-31,Nintendo 64,True
216,215,Menstilo,6466,2022-06-06,Nintendo 64,True
217,218,smc_,6471,2023-07-21,Nintendo 64,True
218,218,Majora_AG,6471,2024-07-30,Nintendo 64,True
219,220,Toufool,6472,2013-11-03,Nintendo 64,True
220,221,Cysse,6473,2024-12-26,Nintendo 64,True
221,222,bev_prune_,6474,2022-03-06,Nintendo 64,True
222,222,ded_lej,6474,2025-03-24,Nintendo 64,True
223,224,Flixer,6478,2021-03-19,Nintendo 64,True
224,224,Snepy,6478,2023-06-26,Nintendo 64,True
225,226,hellool,6481,2017-05-29,Nintendo 64,True
226,226,Seceon,6481,2024-07-11,Nintendo 64,True
227,228,mercredi,6483,2021-12-29,Nintendo 64,True
228,228,VonJim,6483,2024-02-25,Nintendo 64,True
229,230,xWicko,6490,2024-07-09,Nintendo 64,True
230,231,Custom,6491,2017-03-14,Nintendo 64,True
231,232,TwitchName,6494,2022-05-24,Nintendo 64,True
232,233,quiilucru,6500,2016-04-19,Nintendo 64,True
233,233,wermi,6500,2024-05-17,Nintendo 64,True
234,235,Itz_Me_Coreyyy,6501,2024-12-04,Nintendo 64,True
235,236,igreil,6505,2016-01-26,Nintendo 64,True
236,237,Nonag,6508,2023-02-22,Nintendo 64,True
237,238,Lucinovic,6509,2022-07-31,Nintendo 64,True
238,239,Dackage,6514,2024-08-30,Nintendo 64,True
239,239,EcCuardo,6514,2024-11-07,Nintendo 64,True
240,241,Bombs,6515,2025-02-23,Nintendo 64,True
241,242,TedFeds,6518,2025-01-11,Nintendo 64,True
242,243,JoeyBagODonuts,6523,2025-03-09,Nintendo 64,True
243,244,Majoog,6525,2021-12-18,Nintendo 64,True
244,244,Kaimatix,6525,2023-02-24,Nintendo 64,True
245,246,roddy,6531,2023-08-16,Nintendo 64,True
246,247,Balls Out,6538,2014-03-16,Nintendo 64,True
247,248,madware,6543,2023-09-09,Nintendo 64,True
248,249,alextolio,6544,,Wii Virtual Console,True
249,250,Rodillo,6548,2024-01-14,Wii Virtual Console,True
250,251,MrSpeedrun,6549,2017-05-04,Nintendo 64,True
251,252,thags15,6551,2021-10-18,Nintendo 64,True
252,253,ZUMMI,6555,2025-03-14,Nintendo 64,True
253,254,dumpdome64,6557,2019-12-22,Nintendo 64,True
254,255,Voodle,6559,2024-05-23,Nintendo 64,True
255,256,ZachTunes,6561,2024-02-13,Nintendo 64,True
256,257,Linkarf,6563,2024-02-25,Nintendo 64,True
257,258,Holahu,6566,2013-02-20,Nintendo 64,True
258,259,sicko,6567,2013-11-29,Nintendo 64,True
259,260,Avijobat,6568,2023-01-18,Wii Virtual Console,True
260,261,Banova8,6569,2024-05-26,Nintendo 64,True
261,262,SeanRaider,6572,2020-11-22,Nintendo 64,True
262,262,gamiru,6572,2023-01-12,Nintendo 64,True
263,264,Washeyy,6573,2015-07-08,Nintendo 64,True
264,264,PegiTheLoca,6573,2023-07-31,Nintendo 64,True
265,266,SimpleFlips,6574,2014-12-31,Nintendo 64,True
266,266,Salemba,6574,2024-08-12,Nintendo 64,True
267,266,Keubab,6574,2024-10-24,Nintendo 64,True
268,269,ohaithereman,6575,2016-05-25,Nintendo 64,True
269,269,Jolteon92,6575,2017-01-31,Nintendo 64,True
270,271,ariapath,6578,2023-12-19,Nintendo 64,True
271,272,jumpmanmatthew,6579,2024-03-05,Nintendo 64,True
272,273,Redd,6580,2020-08-06,Nintendo 64,True
273,273,NathanCarter,6580,2025-01-10,Wii Virtual Console,True
274,275,[jp]れいる (Reil),6582,2014-05-11,Nintendo 64,True
275,275,SoloQ,6582,2019-08-06,Nintendo 64,True
276,277,TylerSM74,6584,2017-04-04,Nintendo 64,True
277,277,CarlosDaMan,6584,2020-01-22,Nintendo 64,True
278,279,[jp]C.R.H,6587,2018-03-14,Nintendo 64,True
279,279,RetroRuns,6587,2024-01-14,Nintendo 64,True
280,281,[jp]えるも (Erumo),6589,2011-05-18,Nintendo 64,True
281,282,adaada,6592,2017-11-21,Nintendo 64,True
282,283,JamesBod,6594,2023-05-25,Nintendo 64,True
283,283,xerint,6594,2024-07-18,Nintendo 64,True
284,285,kumasyatyou,6595,2017-07-01,Nintendo 64,True
285,286,Squirr3I,6596,2019-05-07,Nintendo 64,True
286,287,NicV,6597,2021-06-22,Nintendo 64,True
287,288,[jp]サスライノぷぅ (Sasurainopū),6598,2015-04-01,Nintendo 64,True
288,288,realblopez,6598,2023-12-03,Nintendo 64,True
289,290,[jp]ryou,6599,2012-12-02,Nintendo 64,True
290,290,Rorotto,6599,2013-08-14,Nintendo 64,True
291,290,TheoryLocked,6599,2019-01-29,Nintendo 64,True
292,290,Karyno,6599,2023-05-03,Nintendo 64,True
293,290,Erthide,6599,2023-11-26,Wii Virtual Console,True
294,295,Marteeny,6606,2020-05-05,Nintendo 64,True
295,296,Vincertain,6608,2020-05-13,Nintendo 64,True
296,297,dazrin_,6613,2017-11-21,Nintendo 64,True
297,298,Jebuskiller,6618,2020-05-03,Nintendo 64,True
298,298,AbUnderscored,6618,2024-03-02,Nintendo 64,True
299,298,kmarket,6618,2025-02-20,Nintendo 64,True
300,301,Naraknight,6624,2023-05-13,Nintendo 64,True
301,302,Zombie2,6640,2021-08-17,Nintendo 64,True
302,303,cookincat,6643,2023-04-13,Nintendo 64,True
303,304,ClifforddTBRD,6648,2024-08-18,Nintendo 64,True
304,305,TNewm2215,6663,2025-01-18,Nintendo 64,True
305,306,CheZach,6664,2022-02-05,Nintendo 64,True
306,307,BryceIsRight64,6667,2024-08-04,Nintendo 64,True
307,308,Dublin,6668,2017-05-01,Nintendo 64,True
308,308,sanj,6668,2024-07-28,Nintendo 64,True
309,310,Mennismonk,6669,2024-04-19,Nintendo 64,True
310,311,Lusion,6674,2022-05-29,Nintendo 64,True
311,312,RWBYSorry,6675,2021-05-09,Nintendo 64,True
312,313,bounceyboy,6680,2017-08-20,Nintendo 64,True
313,314,LowAppeal,6681,2023-03-18,Nintendo 64,True
314,315,naji,6686,2017-08-08,Nintendo 64,True
315,315,Luco,6686,2024-01-25,Nintendo 64,True
316,317,WaterproofTeabag_,6691,2021-08-30,Nintendo 64,True
317,318,Vorago,6706,2024-02-11,Nintendo 64,True
318,319,joeys64,6707,2015-05-07,Wii Virtual Console,True
319,320,SonicGordon6,6712,2023-07-30,Nintendo 64,True
320,321,ClairDSS,6713,2022-03-05,Wii Virtual Console,True
321,322,Hakasay,6715,2021-04-14,Nintendo 64,True
322,323,ClysmiC,6716,2017-03-20,Nintendo 64,True
323,324,Phoenix64,6720,2024-07-07,Nintendo 64,True
324,325,mAf1sss,6725,2024-08-07,Nintendo 64,True
325,326,Seanzy,6732,2014-05-12,Nintendo 64,True
326,327,ShaDowSPoweR,6740,2023-01-09,Nintendo 64,True
327,328,Nicolascs83,6747,2023-06-25,Nintendo 64,True
328,328,EmiBella,6747,2025-01-26,Nintendo 64,True
329,330,AlexKR64,6750,2024-01-21,Nintendo 64,True
330,330,nahobox,6750,2024-07-27,Nintendo 64,True
331,332,ChiaraSM64,6752,2025-04-22,Nintendo 64,True
332,333,Jiano,6757,2011-05-13,Wii Virtual Console,True
333,334,Kyrette,6758,2021-06-01,Wii Virtual Console,True
334,335,[jp]シゲル (Shigeru),6760,2011-01-01,Nintendo 64,True
335,336,wilzo,6765,2016-09-16,Nintendo 64,True
336,337,[jp]TAKEN,6766,2017-06-27,Nintendo 64,True
337,338,Tsuyo0112,6767,2025-05-04,Nintendo 64,True
338,339,Invisible_hole,6770,2023-11-15,Nintendo 64,True
339,340,ryompt,6776,2021-05-25,Nintendo 64,True
340,341,hector,6777,2024-08-18,Nintendo 64,True
341,342,SomeBro,6778,2019-03-29,Nintendo 64,True
342,343,marshmallow.,6780,2017-01-08,Nintendo 64,True
343,344,Moose,6790,2021-03-30,Nintendo 64,True
344,345,jepega,6791,2023-06-16,Nintendo 64,True
345,345,pvps,6791,2024-10-30,Nintendo 64,True
346,347,scoagogo,6798,2023-03-31,Nintendo 64,True
347,348,Galaxtic,6799,2023-07-03,Nintendo 64,True
348,349,druz,6801,2024-07-24,Nintendo 64,True
349,350,mitcho,6804,2015-04-27,Nintendo 64,True
350,351,360Chrism,6805,2016-05-27,Wii Virtual Console,True
351,352,P_Luizon,6807,2025-02-18,Nintendo 64,True
352,353,Rayydex,6808,2023-05-01,Nintendo 64,True
353,354,Audraxys,6811,2015-01-15,Wii Virtual Console,True
354,355,Gombill,6817,2012-06-18,Nintendo 64,True
355,356,datimeloss,6818,2014-11-24,Nintendo 64,True
356,356,cdragoneer,6818,2025-04-01,Nintendo 64,True
357,358,unpushplay,6820,2023-02-14,Nintendo 64,True
358,358,Carlos64,6820,2024-07-15,Nintendo 64,True
359,360,kdogk,6826,2021-10-08,Nintendo 64,True
360,361,Haru様,6827,2016-04-20,Nintendo 64,True
361,362,JazzyChoi1991,6828,2016-04-28,Nintendo 64,True
362,362,LxqZach,6828,2021-11-21,Nintendo 64,True
363,362,zGamuT,6828,2024-03-21,Nintendo 64,True
364,365,kronkerlife,6831,2024-02-26,Nintendo 64,True
365,366,Freelatas,6834,2024-07-26,Nintendo 64,True
366,367,Perna64,6837,2021-04-18,Nintendo 64,True
367,367,zg53,6837,2024-02-05,Nintendo 64,True
368,369,TylerKwak,6838,2024-12-25,Nintendo 64,True
369,370,RisingPhoenix64,6843,2024-05-13,Nintendo 64,True
370,371,Niniste,6848,2025-02-22,Nintendo 64,True
371,372,Skaredogged97,6849,2015-07-14,Nintendo 64,True
372,373,[jp]せせらぎ (Seseragi),6859,,Nintendo 64,True
373,374,OdieB,6860,2023-07-22,Nintendo 64,True
374,375,Leupho,6861,2025-03-18,Nintendo 64,True
375,376,SmashBrawler64,6862,2017-10-23,Nintendo 64,True
376,377,Progji,6868,2021-03-25,Nintendo 64,True
377,378,Bernhard,6872,2022-08-11,Nintendo 64,True
378,379,[jp]エアリア (Area),6875,2015-03-25,Nintendo 64,True
379,380,miakhalifaisoverrated,6876,2024-08-02,Nintendo 64,True
380,381,Midbro_,6878,2023-06-25,Wii Virtual Console,True
381,382,zekeSSB,6881,2023-12-10,Nintendo 64,True
382,383,D3m0nf4ng,6882,2023-05-10,Nintendo 64,True
383,384,[jp]白井 (Shirai),6886,2012-12-07,Nintendo 64,True
384,384,moltres93,6886,2024-07-22,Nintendo 64,True
385,386,jacobo,6887,2025-05-05,Nintendo 64,True
386,387,Thomkar,6891,2021-10-21,Nintendo 64,True
387,388,Biasenti,6896,2014-12-11,Wii Virtual Console,True
388,388,hotdwgboy,6896,2024-01-06,Nintendo 64,True
389,390,boomeraang,6899,2024-03-11,Nintendo 64,True
390,391,[jp]ハコ (Hako),6900,2017-02-05,Nintendo 64,True
391,391,disrespectless,6900,2018-04-06,Nintendo 64,True
392,393,Mapiz,6902,2023-12-30,Nintendo 64,True
393,394,Luisito,6906,2022-11-26,Wii Virtual Console,True
394,394,Expreli,6906,2023-06-09,Wii Virtual Console,True
395,396,tx360mario,6908,,Nintendo 64,True
396,397,CAKEbetty,6910,2024-03-19,Wii Virtual Console,True
397,398,Henoty,6914,2024-07-30,Nintendo 64,True
398,399,Lluuccuuss,6919,2016-05-08,Nintendo 64,True
399,400,Galax,6924,2019-09-29,Nintendo 64,True
400,400,Flareon1693,6924,2024-09-05,Switch,True
401,402,highfructoseCS,6926,2025-03-23,Nintendo 64,True
402,403,moodehh,6934,2014-12-10,Nintendo 64,True
403,404,TheDarkmanWs,6938,2014-01-01,Nintendo 64,True
404,405,YogoC,6943,2024-08-06,Nintendo 64,True
405,406,Xiah,6946,2013-09-30,Nintendo 64,True
406,407,Toadfan5,6947,2021-02-20,Nintendo 64,True
407,408,HomerOfSteel,6956,2024-08-05,Nintendo 64,True
408,409,zach,6958,2022-06-03,Nintendo 64,True
409,410,goodtime07,6960,2017-05-18,Nintendo 64,True
410,410,JumboJolt,6960,2024-07-10,Nintendo 64,True
411,412,w0nderbean,6969,2023-09-24,Nintendo 64,True
412,412,Falling_Tacos,6969,2024-04-28,Nintendo 64,True
413,414,SodiumChlorideIC,6975,2022-07-08,Nintendo 64,True
414,415,fireblazethem,6977,2021-05-13,Nintendo 64,True
415,416,MrJimmysteel25,6980,2020-06-30,Nintendo 64,True
416,417,HappyZpanners,6985,2023-06-28,Nintendo 64,True
417,418,race_out,6986,2015-04-18,Nintendo 64,True
418,419,zubat05,6987,2021-05-01,Nintendo 64,True
419,420,Blasant,6990,,Nintendo 64,True
420,421,JuiceACD,6992,2022-06-24,Nintendo 64,True
421,422,PARS1K,6995,2025-04-14,Nintendo 64,True
422,423,drimys,6996,2021-06-30,Nintendo 64,True
423,424,TheBarinade,6998,2024-02-14,Nintendo 64,True
424,425,KingJ0444,7013,2024-08-07,Nintendo 64,True
425,426,FGSM,7025,2023-10-15,Nintendo 64,True
426,427,MrDasho,7026,2022-11-27,Nintendo 64,True
427,428,dj0nk,7029,2015-12-12,Nintendo 64,True
428,428,Famin,7029,2023-10-09,Nintendo 64,True
429,430,MarvJungs,7032,2020-07-11,Nintendo 64,True
430,430,turtlehippo,7032,2024-08-08,Nintendo 64,True
431,432,mashSRL,7036,2017-05-28,Nintendo 64,True
432,432,Avasion,7036,2024-07-11,Nintendo 64,True
433,434,esi,7039,,Nintendo 64,True
434,435,Sailo,7041,2024-05-18,Wii Virtual Console,True
435,436,[jp]鳩ぽっぽ (Hatopoppo),7047,2013-01-01,Nintendo 64,True
436,436,Darkman_,7047,2023-06-02,Nintendo 64,True
437,438,Nagol64m,7048,2024-01-29,Nintendo 64,True
438,439,Keldon,7051,2022-06-01,Nintendo 64,True
439,440,EdgarEffectConnected,7053,2023-07-28,Nintendo 64,True
440,441,fazerlazer80,7054,2023-07-29,Nintendo 64,True
441,442,[jp]うひー (Why),7056,2012-09-17,Nintendo 64,True
442,443,ti_83,7057,2022-11-03,Nintendo 64,True
443,444,Hafus,7063,2014-09-05,Nintendo 64,True
444,444,DTunester,7063,2022-01-19,Nintendo 64,True
445,444,moabmauler,7063,2024-07-21,Nintendo 64,True
446,447,Saellan,7066,2014-05-03,Nintendo 64,True
447,448,J2JordanTyler,7067,2024-05-16,Nintendo 64,True
448,449,Yoshi_Zilla,7069,2018-10-25,Wii Virtual Console,True
449,450,Derek,7071,2023-01-03,Nintendo 64,True
450,451,MrMeanMoustache,7076,2020-11-21,Nintendo 64,True
451,452,Speedrun,7077,2022-07-30,Nintendo 64,True
452,453,Poke,7079,2022-06-18,Nintendo 64,True
453,454,Talon2461,7083,2021-04-14,Wii Virtual Console,True
454,455,Illudude,7084,2023-02-14,Nintendo 64,True
455,455,Drainsow,7084,2024-02-24,Nintendo 64,True
456,457,Step735,7086,2024-03-28,Nintendo 64,True
457,458,Snowman,7092,2015-02-25,Nintendo 64,True
458,459,Marshall,7093,2021-06-30,Nintendo 64,True
459,460,Amahumahaba,7097,2023-04-25,Nintendo 64,True
460,460,Ian_1243,7097,2024-08-09,Nintendo 64,True
461,462,caivs,7098,2014-04-07,Nintendo 64,True
462,463,NyZ,7099,2013-04-08,Nintendo 64,True
463,464,kelsmont,7100,2024-08-12,Nintendo 64,True
464,465,Nikkeri,7101,2023-06-19,Nintendo 64,True
465,466,JaVillain,7102,2023-01-08,Nintendo 64,True
466,467,lostinspeedruns,7104,2025-01-25,Nintendo 64,True
467,468,adelyn64,7106,2021-07-02,Nintendo 64,True
468,469,7hornet,7107,2024-12-30,Nintendo 64,True
469,470,Nintendude64,7108,2024-05-14,Wii Virtual Console,True
470,471,LiamPlayZelda,7110,2024-07-07,Wii U Virtual Console,True
471,472,sevenyoshi,7111,2022-02-21,Nintendo 64,True
472,473,ParadoxKarl,7113,,Wii Virtual Console,True
473,474,eleesuh,7115,2024-12-23,Nintendo 64,True
474,475,BlueX2,7116,2021-12-18,Nintendo 64,True
475,476,Electrand,7117,2023-03-25,Nintendo 64,True
476,477,labmemb3r,7120,2024-06-20,Wii Virtual Console,True
477,478,TerraBoop,7121,2020-05-20,Nintendo 64,True
478,479,Wolfovis,7122,2024-08-01,Nintendo 64,True
479,480,Leproxy,7123,2024-08-18,Nintendo 64,True
480,481,haruto701,7125,2022-07-15,Nintendo 64,True
481,482,Johnny3Oak,7128,2022-07-25,Nintendo 64,True
482,483,sigalig,7129,2021-10-07,Nintendo 64,True
483,484,Senti,7131,2014-02-18,Nintendo 64,True
484,484,Pingu16,7131,2021-11-16,Nintendo 64,True
485,486,Millergrov3,7133,2024-12-30,Nintendo 64,True
486,487,AndrewAJT,7135,2023-05-08,Wii Virtual Console,True
487,488,Mese,7136,2014-04-02,Nintendo 64,True
488,489,jpufry,7137,2024-07-23,Nintendo 64,True
489,490,octave_6,7138,2023-07-28,Nintendo 64,True
490,491,IR,7140,2019-03-11,Nintendo 64,True
491,492,BLJugglerr,7141,2024-12-05,Nintendo 64,True
492,493,Galax,7145,2014-05-17,Nintendo 64,True
493,494,Zack7cloud,7146,2014-12-29,Nintendo 64,True
494,494,FlamingFishsticks,7146,2024-11-15,Nintendo 64,True
495,496,pupple816,7147,2014-10-18,Nintendo 64,True
496,497,Domcactus,7148,2024-08-11,Nintendo 64,True
497,498,RedSlim777,7151,2022-04-13,Nintendo 64,True
498,498,jackmp3,7151,2024-05-22,Nintendo 64,True
499,498,anvarmora,7151,2024-11-13,Nintendo 64,True
500,501,JustinDT,7153,2015-01-30,Nintendo 64,True
501,502,Lucidityy,7154,2024-08-02,Nintendo 64,True
502,503,Frozeno,7159,2021-12-02,Wii Virtual Console,True
503,503,Suhti,7159,2024-01-08,Nintendo 64,True
504,503,Twig64,7159,2025-03-06,Nintendo 64,True
505,503,5upamayne,7159,,Nintendo 64,True
506,507,serpals,7160,2024-06-27,Nintendo 64,True
507,508,Tomtendo,7164,2019-05-13,Nintendo 64,True
508,508,HexSpeedruns,7164,2023-12-07,Nintendo 64,True
509,510,YobunTeme,7165,2020-03-02,Nintendo 64,True
510,510,Ivan,7165,2020-05-08,Nintendo 64,True
511,512,game_complete,7166,2021-04-11,Nintendo 64,True
512,512,DeadGuyDrives,7166,2025-04-13,Nintendo 64,True
513,514,senn,7167,2015-01-04,Nintendo 64,True
514,515,Iint,7168,2014-06-15,Wii Virtual Console,True
515,516,MeepJeep,7170,2023-07-30,Nintendo 64,True
516,517,Tabbyztorm,7172,2021-03-02,Nintendo 64,True
517,518,Divine,7175,2022-04-27,Nintendo 64,True
518,519,Smurfy,7179,2021-01-25,Nintendo 64,True
519,520,chomsky,7181,2021-02-01,Nintendo 64,True
520,521,Seiozi,7182,2020-05-16,Nintendo 64,True
521,521,Jando112,7182,2024-05-06,Nintendo 64,True
522,521,Logaaaaan64,7182,2025-04-17,Nintendo 64,True
523,524,tayyip,7183,2021-11-26,Nintendo 64,True
524,525,ItsMalex,7184,2024-01-21,Nintendo 64,True
525,525,Kaug,7184,2024-05-05,Wii Virtual Console,True
526,527,Louuis64,7187,2024-12-01,Nintendo 64,True
527,528,Leonostic,7188,2017-03-18,Nintendo 64,True
528,528,AndySandford,7188,2021-12-16,Nintendo 64,True
529,528,Joanbros,7188,2023-10-08,Nintendo 64,True
530,531,The_H_Pandin,7189,2024-06-20,Nintendo 64,True
531,532,MiracleTea,7190,2013-08-20,Nintendo 64,True
532,533,RJ7k,7192,2023-04-03,Nintendo 64,True
533,534,lackattack,7194,2021-07-15,Nintendo 64,True
534,535,Kasual,7195,2024-03-20,Nintendo 64,True
535,536,[jp]ZEOKU,7199,2012-11-30,Nintendo 64,True
536,536,Dorious,7199,2022-07-20,Nintendo 64,True
537,536,Groove_Heaven,7199,2023-05-17,Nintendo 64,True
538,536,[jp]おーる (All),7199,,Nintendo 64,True
539,540,TobiiSR,7206,2022-01-04,Wii Virtual Console,True
540,541,heypando,7207,2024-09-12,Nintendo 64,True
541,542,N8rBeans,7217,2022-01-27,Nintendo 64,True
542,543,JayBeanz,7231,2022-12-11,Nintendo 64,True
543,544,Lilbrian,7233,2013-09-28,Nintendo 64,True
544,545,Gloggekawa,7240,2022-11-01,Wii U Virtual Console,True
545,546,Castle,7255,2023-06-24,Wii Virtual Console,True
546,547,[jp]かずしボンバー (Kazushi-Bomber),7259,,Nintendo 64,True
547,548,Sunk,7260,2022-07-29,Nintendo 64,True
548,548,J3RBA1TED,7260,2024-01-29,Nintendo 64,True
549,550,LikelyLana,7266,2024-08-15,Nintendo 64,True
550,551,Flygonman,7277,2022-05-26,Wii Virtual Console,True
551,552,runner_cam,7278,2020-12-29,Nintendo 64,True
552,553,Ratchetx7,7286,2020-04-13,Nintendo 64,True
553,553,Skeltan,7286,2024-11-30,Nintendo 64,True
554,555,Emerldd,7291,2024-07-31,Nintendo 64,True
555,556,SteveMassey,7299,2016-05-05,Nintendo 64,True
556,557,pierrenoelle,7301,2021-03-25,Nintendo 64,True
557,558,Crabshack,7302,2018-10-03,Nintendo 64,True
558,559,Sovlo,7305,2018-08-03,Nintendo 64,True
559,560,Mister_H,7306,2022-02-20,Nintendo 64,True
560,561,Gulmo,7317,2013-10-24,Nintendo 64,True
561,562,Breadghost,7318,2021-06-03,Wii Virtual Console,True
562,563,Baybito64,7319,2021-01-25,Nintendo 64,True
563,563,dynohack,7319,2024-12-23,Nintendo 64,True
564,565,SirPlsStop,7322,2023-06-07,Nintendo 64,True
565,566,Jalapiñecone,7329,2020-07-28,Nintendo 64,True
566,567,Sannitie,7341,,Nintendo 64,True
567,568,Stomr,7361,2021-10-21,Nintendo 64,True
568,568,skyeves,7361,2023-12-30,Wii Virtual Console,True
569,570,joj1,7362,2024-07-05,Nintendo 64,True
570,571,NMSpeedruns,7363,2024-10-01,Wii Virtual Console,True
571,572,meowmix_fan,7366,2025-04-19,Wii Virtual Console,True
572,573,Collin_1029,7367,2023-04-16,Nintendo 64,True
573,574,Aesirrr,7369,2024-08-16,Nintendo 64,True
574,575,A.R.,7372,2021-02-18,Nintendo 64,True
575,576,XavGGs,7380,2025-03-23,Nintendo 64,True
576,577,Powerofdan,7381,2024-07-21,Nintendo 64,True
577,578,Limosick,7383,2024-07-24,Nintendo 64,True
578,579,Rici64,7385,2023-02-04,Switch,True
579,580,LEKTAGO,7391,2024-06-20,Nintendo 64,True
580,581,Zans64,7400,2024-01-21,Nintendo 64,True
581,582,siggyscorp,7410,2023-12-17,Nintendo 64,True
582,583,WesDog,7411,2024-08-08,Nintendo 64,True
583,583,KalasLawliet,7411,2024-11-21,Nintendo 64,True
584,585,Rollerroc,7412,2023-04-12,Switch,True
585,585,wispx,7412,2023-06-11,Nintendo 64,True
586,587,HowToCantaloupe,7415,2017-12-29,Wii Virtual Console,True
587,588,MathsVlog,7417,2024-08-04,Nintendo 64,True
588,589,Zeas44,7419,2023-06-10,Nintendo 64,True
589,590,jugglingeek,7420,2025-01-04,Nintendo 64,True
590,591,Linkx2,7429,2020-12-05,Nintendo 64,True
591,592,TPositive,7431,2014-12-16,Wii Virtual Console,True
592,593,goofbrush,7443,2024-08-18,Nintendo 64,True
593,594,NaturallyAllen,7444,2022-06-15,Nintendo 64,True
594,594,LFoxy,7444,2025-05-10,Nintendo 64,True
595,596,Kosmic,7445,2021-05-30,Nintendo 64,True
596,597,Insanabillity,7448,2024-07-10,Nintendo 64,True
597,598,IceCoffee,7451,2024-11-07,Nintendo 64,True
598,599,wRadion,7456,2024-10-25,Nintendo 64,True
599,600,KISHl_,7458,2024-08-12,Nintendo 64,True
600,601,agge40,7463,2022-07-08,Switch,True
601,602,BizzareScape,7468,2022-06-05,Nintendo 64,True
602,603,Michael_Link,7470,2024-02-23,Nintendo 64,True
603,604,cwolf20,7471,2014-05-22,Nintendo 64,True
604,605,daiden,7473,2022-08-09,Nintendo 64,True
605,605,Skipped64,7473,2024-05-11,Nintendo 64,True
606,607,disa,7474,2023-07-31,Nintendo 64,True
607,608,Malkierian,7475,2022-07-30,Nintendo 64,True
608,608,yp,7475,2024-05-02,Nintendo 64,True
609,610,GeoGringo,7477,2022-04-28,Nintendo 64,True
610,611,SkylarFerret,7478,2019-12-23,Nintendo 64,True
611,612,Joshua_iz_drunk,7482,2021-07-13,Nintendo 64,True
612,613,BigfootTouchedMe,7487,2023-06-28,Nintendo 64,True
613,614,Dillarune,7496,2022-07-04,Nintendo 64,True
614,615,eave,7498,2025-04-25,Nintendo 64,True
615,616,NoraSpeedruns,7509,2024-03-29,Nintendo 64,True
616,617,Techno6377,7512,2022-06-17,Nintendo 64,True
617,618,rmzanatta,7519,2023-12-04,Nintendo 64,True
618,619,Emmo,7528,2023-01-28,Nintendo 64,True
619,620,mordo_n64,7530,2024-08-08,Nintendo 64,True
620,621,Mario104,7532,2024-11-24,Nintendo 64,True
621,622,hassan_x,7536,2012-12-26,Nintendo 64,True
622,623,blupee,7538,2025-03-17,Nintendo 64,True
623,624,Amitheous,7539,2021-05-05,Nintendo 64,True
624,625,rawzlyn,7543,2024-02-29,Nintendo 64,True
625,626,LightBlue,7556,2024-07-17,Nintendo 64,True
626,627,spikevegeta,7557,2017-02-08,Wii Virtual Console,True
627,627,kingvideogamer,7557,2021-11-06,Nintendo 64,True
628,627,krystenxo,7557,2023-06-22,Nintendo 64,True
629,630,MontyVR,7565,2024-07-14,Nintendo 64,True
630,631,TheNextGenPlayer,7568,2015-08-14,Nintendo 64,True
631,631,KajuN64,7568,2024-08-13,Nintendo 64,True
632,633,Kudo,7572,2022-06-04,Nintendo 64,True
633,634,Sefaro,7578,2021-10-18,Nintendo 64,True
634,634,Suikoto,7578,2024-02-26,Nintendo 64,True
635,636,awning,7591,2022-07-05,Nintendo 64,True
636,637,EitchKeii,7596,2024-01-25,Nintendo 64,True
637,638,InceptionRealm,7597,2022-09-20,Nintendo 64,True
638,639,Ocarinist_Drew,7605,2024-07-09,Wii Virtual Console,True
639,640,LucineSR,7608,2025-02-21,Nintendo 64,True
640,641,Ben,7612,2016-06-29,Nintendo 64,True
641,642,Jhay,7615,2023-06-18,Wii Virtual Console,True
642,643,Phaaara,7618,2024-02-21,Nintendo 64,True
643,644,Stronos,7622,2024-02-08,Nintendo 64,True
644,645,Blackwall,7623,2023-07-19,Nintendo 64,True
645,646,Silvrsun,7624,,Nintendo 64,True
646,647,Fergbot,7627,,Nintendo 64,True
647,648,Vallu,7628,2017-06-24,Wii Virtual Console,True
648,649,Dingosweets,7629,2014-06-12,Nintendo 64,True
649,650,txsomb,7631,2023-10-06,Nintendo 64,True
650,651,GreLyy_,7640,2024-10-25,Nintendo 64,True
651,652,theGNC69,7643,2022-07-31,Nintendo 64,True
652,653,SuperM789,7652,2022-12-27,Wii Virtual Console,True
653,654,[jp]ショウ (Shō),7660,2010-07-14,Nintendo 64,True
654,655,Lahmus,7663,2022-07-15,Nintendo 64,True
655,655,Demonica,7663,2025-05-02,Nintendo 64,True
656,657,SamCity,7669,2016-12-23,Nintendo 64,True
657,657,Nanase,7669,2024-08-22,Switch,True
658,659,aussieadam,7673,2022-07-02,Nintendo 64,True
659,660,Dalent,7674,2023-03-27,Nintendo 64,True
660,660,JDBlack721,7674,2025-01-06,Nintendo 64,True
661,662,sidbeegamin,7681,2024-09-07,Nintendo 64,True
662,663,Mini54,7684,2021-06-18,Wii Virtual Console,True
663,664,[jp]きよ (Kiyo),7688,2011-04-12,Nintendo 64,True
664,665,Hurricanoscs,7689,2014-05-18,Nintendo 64,True
665,665,FasterSuperSonic,7689,2018-08-08,Nintendo 64,True
666,667,BennyMKW,7691,2017-12-30,Wii Virtual Console,True
667,668,Spaceman,7693,2017-05-06,Nintendo 64,True
668,669,fmx000,7696,2024-06-20,Nintendo 64,True
669,670,BasilBranches,7699,2019-06-22,Nintendo 64,True
670,671,lloyD5569,7702,2024-07-13,Nintendo 64,True
671,672,Battaflai,7714,2023-07-06,Nintendo 64,True
672,673,karinananaaa,7715,2025-04-14,Nintendo 64,True
673,674,Switchmaster64,7721,2021-05-09,Wii Virtual Console,True
674,674,ScliffBartoni,7721,2023-12-27,Nintendo 64,True
675,676,ShadowFrost,7730,2019-10-16,Wii Virtual Console,True
676,677,Elrevolver385,7731,2024-08-19,Wii Virtual Console,True
677,678,batamon,7734,2024-12-28,Nintendo 64,True
678,679,Roehoer,7735,,Nintendo 64,True
679,679,EnduroType,7735,,Nintendo 64,True
680,681,Source,7736,2024-05-02,Nintendo 64,True
681,682,Broodlai,7737,2023-08-14,Nintendo 64,True
682,683,FreeeMilk,7744,2025-05-01,Nintendo 64,True
683,684,ElectricalSquid,7747,2022-02-22,Nintendo 64,True
684,685,gamersquiddy,7751,2021-11-04,Wii U Virtual Console,True
685,686,Luvbaseball58,7759,2020-08-13,Nintendo 64,True
686,687,TRV,7761,2011-02-11,Nintendo 64,True
687,688,Segtendo0905,7770,2022-06-17,Nintendo 64,True
688,689,modhi64,7772,2024-02-17,Nintendo 64,True
689,690,soupG,7775,2020-07-01,Nintendo 64,True
690,691,radrick,7776,2024-08-08,Nintendo 64,True
691,692,BloodDerg,7785,2021-03-15,Wii Virtual Console,True
692,693,ki_to,7786,2024-01-17,Nintendo 64,True
693,694,cchr1s,7788,,Nintendo 64,True
694,695,Gordo,7790,2023-12-30,Nintendo 64,True
695,696,RetroTorpedo,7791,2023-07-29,Nintendo 64,True
696,697,heeheex2,7793,2022-06-16,Wii Virtual Console,True
697,698,GHDEVIL666,7794,2023-07-30,Nintendo 64,True
698,699,Jcool114,7800,2025-04-20,Nintendo 64,True
699,700,tjk,7806,2021-01-15,Nintendo 64,True
700,700,pasta_toots,7806,2023-07-21,Nintendo 64,True
701,702,PlayerGameSK,7822,2024-07-13,Wii Virtual Console,True
702,703,SpaceMiner,7828,2023-03-03,Nintendo 64,True
703,704,AirBrush45,7832,2022-06-06,Nintendo 64,True
704,705,swimding,7836,2023-07-30,Wii Virtual Console,True
705,706,ross_aiden,7837,2024-07-11,Nintendo 64,True
706,707,Dragorn,7840,2006-09-14,Nintendo 64,True
707,708,nickbush24,7841,2023-08-14,Nintendo 64,True
708,709,Pauliii23,7847,2024-01-04,Nintendo 64,True
709,710,sgtkillz,7849,2014-08-18,Nintendo 64,True
710,711,Striker440,7856,2024-11-23,Nintendo 64,True
711,712,Sabotage27,7857,2024-11-26,Nintendo 64,True
712,713,zachhnl,7858,2022-06-04,Nintendo 64,True
713,714,VillaJack,7868,2022-06-05,Nintendo 64,True
714,715,Tippi,7874,2020-04-26,Wii Virtual Console,True
715,716,nintendofanboy08,7885,2022-05-13,Nintendo 64,True
716,717,cheunk,7901,2025-05-06,Nintendo 64,True
717,718,Frisson4,7905,2022-12-11,Nintendo 64,True
718,719,Caarda,7913,2024-04-10,Nintendo 64,True
719,720,Gabby_smo,7918,2024-06-29,Nintendo 64,True
720,721,steveobroil,7935,2016-09-27,Nintendo 64,True
721,722,97ames,7937,2022-06-08,Nintendo 64,True
722,723,stoneflower217,7958,2024-03-20,Nintendo 64,True
723,724,Vortex,7963,2019-06-23,Nintendo 64,True
724,725,NicoSpeedsub,7966,2016-05-08,Nintendo 64,True
725,726,DreweySR,7975,2023-03-31,Nintendo 64,True
726,727,BBpilot,7976,2024-10-25,Nintendo 64,True
727,728,galactic92,7980,2024-02-12,Nintendo 64,True
728,729,NoraScrubChan,7982,2020-06-09,Nintendo 64,True
729,730,BigRy,7984,2024-01-22,Nintendo 64,True
730,731,markwatney94,7986,2019-12-17,Nintendo 64,True
731,732,BlueHavenGaming,7989,2023-07-10,Nintendo 64,True
732,732,Jukatox,7989,2024-03-26,Wii Virtual Console,True
733,734,Yudalol,7990,2022-06-08,Nintendo 64,True
734,735,Flowleyd,7995,2016-08-29,Nintendo 64,True
735,736,trufflesq,7999,2023-11-21,Nintendo 64,True
736,737,Cuno61,8001,2022-10-25,Nintendo 64,True
737,738,genkiyori,8009,2025-04-07,Nintendo 64,True
738,739,Michaelguy,8019,2023-08-04,Nintendo 64,True
739,740,timmy94,8020,2020-06-13,Nintendo 64,True
740,740,Petalite,8020,2022-03-06,Nintendo 64,True
741,742,RBman,8024,2023-06-14,Nintendo 64,True
742,743,Podz,8026,2020-10-22,Wii Virtual Console,True
743,743,fatalfoams,8026,2024-08-09,Nintendo 64,True
744,745,BJCMD,8032,2024-07-16,Nintendo 64,True
745,746,tr1angulum,8038,2023-01-03,Nintendo 64,True
746,747,Happyzombie33,8044,2025-04-06,Nintendo 64,True
747,748,Kulty,8049,2021-09-29,Nintendo 64,True
748,749,griffinbeels,8054,2024-08-11,Nintendo 64,True
749,750,Connal_,8056,2023-03-22,Nintendo 64,True
750,750,buttman7201,8056,2025-01-17,Nintendo 64,True
751,752,Dylan_SM64,8061,2018-02-01,Nintendo 64,True
752,753,xzRockin,8064,2017-04-18,Nintendo 64,True
753,754,GCJames22,8066,2022-06-11,Switch,True
754,755,Ryguy2499,8073,2024-03-10,Wii Virtual Console,True
755,756,Sharpruns,8075,2024-07-23,Wii Virtual Console,True
756,756,clairelynnd,8075,2024-08-16,Wii Virtual Console,True
757,758,FireGNinja,8080,2024-07-07,Nintendo 64,True
758,759,GmdDoesDMG,8084,2022-06-15,Nintendo 64,True
759,760,Mchan338,8085,2017-06-20,Wii Virtual Console,True
760,761,Hypokamp,8089,2024-08-18,Nintendo 64,True
761,762,gchierico91,8119,2020-04-30,Nintendo 64,True
762,763,machochin,8127,2024-08-13,Nintendo 64,True
763,764,Ipsterz,8129,2016-05-30,Nintendo 64,True
764,765,SolarPrism,8139,2020-07-04,Nintendo 64,True
765,766,Bandow,8144,2018-07-21,Nintendo 64,True
766,766,Dead4Life,8144,2024-07-22,Nintendo 64,True
767,768,Smaugy,8147,2017-11-22,Wii Virtual Console,True
768,769,dekitan,8156,2024-10-06,Nintendo 64,True
769,770,Bailey_sm64,8159,2024-01-13,Nintendo 64,True
770,771,ARCANELOUS,8167,2023-04-28,Nintendo 64,True
771,772,Syura,8172,2021-11-04,Wii Virtual Console,True
772,773,HeyesLIVE,8177,2024-08-14,Nintendo 64,True
773,774,GameShark,8184,2018-05-31,Nintendo 64,True
774,775,[jp]メーヴェ (Moewe),8194,,Nintendo 64,True
775,776,funzonetwilight,8197,2022-12-06,Nintendo 64,True
776,777,n1krox,8200,2024-07-29,Nintendo 64,True
777,778,Phillie,8208,2024-05-25,Wii Virtual Console,True
778,779,dat_yoshi35,8213,2023-06-09,Nintendo 64,True
779,780,reallifebutters,8221,2023-07-06,Nintendo 64,True
780,781,ganymedean,8230,2024-02-15,Nintendo 64,True
781,782,[jp]taka12352,8232,,Nintendo 64,True
782,783,Amush_MashB,8238,2024-02-18,Nintendo 64,True
783,784,zirou,8242,2023-07-27,Nintendo 64,True
784,785,ZenonX,8244,2020-09-11,Nintendo 64,True
785,785,Skyler774,8244,2021-08-22,Nintendo 64,True
786,787,frobuddyharry,8247,2023-06-06,Wii Virtual Console,True
787,788,SeahawksFan9000,8248,2019-07-30,Nintendo 64,True
788,789,dc_chunks,8261,2016-07-24,Wii Virtual Console,True
789,790,ooferboi_69,8267,2021-11-15,Nintendo 64,True
790,791,DaumosSS,8268,2018-07-29,Wii U Virtual Console,True
791,792,JCE_,8277,2023-07-30,Nintendo 64,True
792,793,noblesquashy,8282,2022-03-07,Nintendo 64,True
793,794,BlauerKeks,8287,2025-04-27,Wii Virtual Console,True
794,795,DeCosteintheShell,8298,2021-05-02,Nintendo 64,True
795,796,DJS,8300,2016-08-07,Nintendo 64,True
796,796,tethracross,8300,2023-12-02,Nintendo 64,True
797,796,SayHarry,8300,2024-07-20,Nintendo 64,True
798,799,stevenashe,8302,2019-11-25,Nintendo 64,True
799,800,lordricker,8309,2014-04-12,Nintendo 64,True
800,801,Goldenduck6644,8316,2022-06-17,Nintendo 64,True
801,801,Austin2714,8316,2025-05-07,Nintendo 64,True
802,803,harpy,8324,2024-01-19,Wii Virtual Console,True
803,804,LudwigVonKoopa,8325,2022-12-30,Nintendo 64,True
804,804,Pumba,8325,2023-07-31,Nintendo 64,True
805,806,blackvike,8328,2023-07-26,Nintendo 64,True
806,807,geek,8336,2023-07-12,Nintendo 64,True
807,808,max25,8337,2020-04-16,Nintendo 64,True
808,809,Mr.Needlemouse,8341,2022-06-17,Nintendo 64,True
809,810,CostilerAphid18,8343,2023-06-19,Nintendo 64,True
810,811,[jp]okamoto,8346,,Nintendo 64,True
811,812,TonesBalones,8349,2017-02-08,Nintendo 64,True
812,813,MaddiicT,8359,2024-08-17,Nintendo 64,True
813,814,SaySurprise,8367,2024-08-11,Nintendo 64,True
814,815,TikiLiger,8373,2022-08-29,Nintendo 64,True
815,816,g0goTBC,8374,2015-11-19,Nintendo 64,True
816,817,MrSoy7,8377,2020-07-10,Nintendo 64,True
817,817,HolyPotato,8377,2021-04-11,Nintendo 64,True
818,819,CornbreadSnake,8387,2022-12-06,Nintendo 64,True
819,820,littlebunny1234,8388,2017-03-05,Nintendo 64,True
820,820,Dinosaur111,8388,2023-06-23,Wii Virtual Console,True
821,822,SparkedAmbition,8389,2021-08-31,Nintendo 64,True
822,823,Unbones,8391,2024-12-21,Nintendo 64,True
823,824,KingToad64,8395,2021-09-22,Nintendo 64,True
824,825,AstroTheLast,8400,2024-07-09,Nintendo 64,True
825,826,Valancic,8403,2021-04-12,Wii Virtual Console,True
826,827,darkerandroid,8404,2023-07-21,Nintendo 64,True
827,827,tshoffman11,8404,2024-05-09,Nintendo 64,True
828,829,troggbomb,8409,2022-05-26,Nintendo 64,True
829,830,andreww,8418,2014-02-25,Nintendo 64,True
830,831,MarioMan,8421,2017-10-21,Wii Virtual Console,True
831,832,Arbliterator,8422,2019-12-28,Nintendo 64,True
832,833,Naske,8428,2023-08-01,Nintendo 64,True
833,834,WeededBacon,8459,2022-06-21,Nintendo 64,True
834,835,toilet64_,8465,2021-09-11,Nintendo 64,True
835,836,Awesome7285,8474,2024-07-13,Nintendo 64,True
836,837,Teensies_King,8475,2014-12-20,Nintendo 64,True
837,838,RezerTheDog,8487,2021-05-06,Nintendo 64,True
838,839,JosephAlex,8498,2022-02-08,Nintendo 64,True
839,840,Cheesy,8503,2022-08-18,Nintendo 64,True
840,841,Akirry,8510,2021-04-13,Nintendo 64,True
841,842,PsioNick,8517,2019-08-09,Nintendo 64,True
842,843,iRayzzen,8525,2022-12-16,Nintendo 64,True
843,844,Oxelput,8532,2023-06-25,Nintendo 64,True
844,845,hasselhoffman68,8540,2023-06-28,Nintendo 64,True
845,846,Tankfird,8546,2022-06-20,Nintendo 64,True
846,847,Sliaz64,8555,2022-07-25,Nintendo 64,True
847,848,Cursetyl,8574,2018-06-08,Nintendo 64,True
848,849,cjrokokomero,8576,2020-10-04,Nintendo 64,True
849,850,Tackleshift8,8579,2022-06-26,Wii U Virtual Console,True
850,851,Sloosh,8580,2021-04-06,Nintendo 64,True
851,852,soccerman611,8584,2024-08-18,Nintendo 64,True
852,853,YaBudMiko,8587,2017-04-18,Nintendo 64,True
853,853,hugfal055,8587,2021-01-20,Nintendo 64,True
854,855,CatalinAndrei,8588,2025-01-21,Nintendo 64,True
855,856,Butter101,8599,2021-01-22,Nintendo 64,True
856,857,Shax,8610,2018-05-13,Wii Virtual Console,True
857,858,Edwulf,8621,2022-07-30,Nintendo 64,True
858,859,DJCarmichael,8623,2018-05-02,Wii Virtual Console,True
859,860,quebin,8632,2021-04-24,Nintendo 64,True
860,861,Frispie,8636,2020-10-11,Nintendo 64,True
861,862,conormcmahon,8651,2019-11-27,Nintendo 64,True
862,863,bjotos25,8654,2021-01-24,Nintendo 64,True
863,864,Kaktusmelone,8656,2024-02-10,Nintendo 64,True
864,865,Birdman20,8657,2024-07-07,Nintendo 64,True
865,866,[jp]野良めがね (Nora-Megane),8662,2017-01-28,Nintendo 64,True
866,867,hellabryan,8663,,Nintendo 64,True
867,868,Molovo,8670,2021-01-07,Nintendo 64,True
868,868,AyeEssBee,8670,2022-06-14,Nintendo 64,True
869,870,Electric_Hoodie,8672,2024-12-20,Nintendo 64,True
870,871,AndyGames_94,8685,2024-07-15,Nintendo 64,True
871,872,Dewdney,8691,2023-06-11,Nintendo 64,True
872,873,Ghostshock,8696,2024-08-18,Nintendo 64,True
873,874,Kayaraya,8700,2015-12-08,Nintendo 64,True
874,875,Blahboobah,8716,2023-03-14,Wii Virtual Console,True
875,876,Serenmew,8717,2023-06-06,Nintendo 64,True
876,877,Catanti,8727,2025-02-19,Nintendo 64,True
877,878,MaxwellMurder87,8732,2023-07-31,Nintendo 64,True
878,879,[jp]まる (Maru),8746,,Nintendo 64,True
879,880,Kamex8,8755,2023-03-05,Wii Virtual Console,True
880,881,TheMine2001,8759,2024-06-10,Wii Virtual Console,True
881,882,LarviStar,8771,2020-02-01,Nintendo 64,True
882,883,FranLMSP,8772,2020-05-10,Wii Virtual Console,True
883,884,Marcotonio,8775,2024-05-09,Nintendo 64,True
884,885,FormFrame,8778,2025-01-27,Nintendo 64,True
885,886,Lord_Frish,8796,2017-05-20,Wii U Virtual Console,True
886,887,Frogdunker,8798,2021-10-26,Nintendo 64,True
887,888,JakeMorris,8804,2023-06-09,Nintendo 64,True
888,889,[jp]kirsche.,8816,,Nintendo 64,True
889,890,Sheeny,8817,2023-07-22,Nintendo 64,True
890,891,Puxel64,8823,2022-07-27,Nintendo 64,True
891,892,Rox,8832,2024-12-28,Wii Virtual Console,True
892,893,TurboKai64,8839,2021-04-11,Nintendo 64,True
893,894,Matbob,8843,2025-02-01,Nintendo 64,True
894,895,ForSamReason,8861,2021-04-17,Nintendo 64,True
895,896,Ren_1,8865,2022-01-06,Nintendo 64,True
896,897,DentoriousRed,8878,2022-06-06,Nintendo 64,True
897,898,spanky,8887,2016-09-01,Nintendo 64,True
898,899,UberFox,8893,2020-04-05,Nintendo 64,True
899,900,Gohgo,8903,2017-06-17,Nintendo 64,True
900,901,LaMorra,8912,2024-02-12,Nintendo 64,True
901,902,Joris34,8916,2023-11-05,Nintendo 64,True
902,903,HirumaSpace,8922,2020-11-25,Nintendo 64,True
903,904,batts,8926,2014-06-06,Nintendo 64,True
904,905,jasoncorns,8931,2022-06-28,Nintendo 64,True
905,906,yatokami9,8938,2024-11-03,Nintendo 64,True
906,907,Jerome,8945,2024-07-13,Nintendo 64,True
907,908,RedsMSR,8952,2022-11-24,Wii Virtual Console,True
908,909,matgeo,8958,2023-07-23,Nintendo 64,True
909,910,carrotOnLive,8965,2024-11-17,Nintendo 64,True
910,911,Shaken,8967,2021-01-01,Nintendo 64,True
911,912,ChefNick,8976,2024-08-08,Wii Virtual Console,True
912,913,Meader,8980,2024-08-25,Nintendo 64,True
913,914,Gemini_,8985,2024-07-11,Nintendo 64,True
914,915,AmbrealDrake,8993,2023-06-27,Nintendo 64,True
915,916,SecretHumorMan,8994,2020-05-29,Nintendo 64,True
916,917,zachary,8997,2024-06-06,Nintendo 64,True
917,918,[jp]月島真理亜 (TsukishimaMaria),9003,,Nintendo 64,True
918,919,Flommli,9005,2022-08-11,Switch,True
919,920,ll5gus,9022,2018-12-19,Nintendo 64,True
920,921,SullyLikesBigChungus,9025,2025-03-14,Nintendo 64,True
921,922,GTAce,9028,2024-08-24,Nintendo 64,True
922,923,Dogecyanide,9036,2022-01-23,Wii Virtual Console,True
923,924,PabloDiazViolin,9054,2024-05-01,Nintendo 64,True
924,925,markg0803,9058,,Nintendo 64,True
925,926,ItzMeeix,9082,,Nintendo 64,True
926,927,PantherSpeedGaming,9083,2019-05-08,Wii Virtual Console,True
927,927,Niplob,9083,2021-08-11,Nintendo 64,True
928,929,Deep,9095,2022-04-12,Nintendo 64,True
929,930,foolish,9099,2022-07-29,Nintendo 64,True
930,931,dagpetter1,9136,2016-07-30,Nintendo 64,True
931,932,Mellowa,9138,2025-04-15,Nintendo 64,True
932,933,dominatorj,9144,2022-03-20,Nintendo 64,True
933,934,EdenSR,9160,2024-06-08,Nintendo 64,True
934,935,Kyleef,9166,2023-02-27,Nintendo 64,True
935,936,Owly64,9182,2023-07-30,Nintendo 64,True
936,937,Pterojacktyl,9212,2015-01-21,Nintendo 64,True
937,938,ElectricMiles,9214,2022-10-13,Wii Virtual Console,True
938,939,SwaGh,9215,2022-06-04,Nintendo 64,True
939,939,the_uber_camper,9215,2022-06-22,Nintendo 64,True
940,939,AidanJex101,9215,2025-02-25,Nintendo 64,True
941,942,TheSludgyGamer,9222,2017-04-20,Wii Virtual Console,True
942,943,Thorn_97,9228,2023-07-21,Wii Virtual Console,True
943,944,SaschaSR,9236,2022-06-22,Nintendo 64,True
944,945,LonTr0,9254,2024-01-01,Nintendo 64,True
945,946,Danichan,9273,2022-03-14,Nintendo 64,True
946,947,SNRobi,9279,2024-12-19,Nintendo 64,True
947,948,1ndigo_,9282,2024-07-06,Nintendo 64,True
948,949,lostontheinternet,9295,2020-04-13,Nintendo 64,True
949,950,CaillouPerkz,9318,2024-08-21,Switch,True
950,951,Panquesito,9339,2022-06-26,Nintendo 64,True
951,952,prohybrid,9344,2021-12-23,Wii U Virtual Console,True
952,952,Niamek,9344,2022-06-18,Wii Virtual Console,True
953,954,MrAshleeD,9356,2021-07-08,Nintendo 64,True
954,955,iMaCH,9358,2022-06-05,Nintendo 64,True
955,956,mogami19984,9365,2023-01-10,Nintendo 64,True
956,957,alex7456,9371,2023-07-31,Nintendo 64,True
957,958,Horhay_SFM,9373,2022-11-03,Nintendo 64,True
958,959,ADRki11er,9385,2023-07-25,Nintendo 64,True
959,960,Fig02,9390,2017-03-02,Nintendo 64,True
960,961,scatter,9406,2017-05-21,Wii Virtual Console,True
961,962,Miky_,9407,2024-07-23,Nintendo 64,True
962,963,Tyrannicone,9409,,Wii Virtual Console,True
963,964,Mousecopp,9423,2016-04-28,Nintendo 64,True
964,965,WorldStar9,9443,2024-11-30,Wii Virtual Console,True
965,966,Jared64_,9453,2022-01-22,Nintendo 64,True
966,967,iotku,9462,2017-05-31,Nintendo 64,True
967,968,Voxelic,9468,2012-09-03,Nintendo 64,True
968,968,Sawce_Bawss,9468,2022-09-24,Nintendo 64,True
969,970,Erco_64,9469,2024-07-22,Nintendo 64,True
970,971,skillfx,9473,2018-03-30,Nintendo 64,True
971,972,iMartz3,9489,2018-05-03,Nintendo 64,True
972,973,AxelLarsen,9522,2022-08-08,Nintendo 64,True
973,974,PepeSmile,9523,2022-12-23,Nintendo 64,True
974,975,cct64,9524,2017-09-26,Nintendo 64,True
975,976,[jp]すいすい (Suisui),9534,,Nintendo 64,True
976,977,Prakxo,9540,2021-06-23,Nintendo 64,True
977,977,VisionElf,9540,2023-03-07,Nintendo 64,True
978,979,Jane,9541,2014-12-13,Nintendo 64,True
979,980,Coldeggman,9566,2017-06-23,Wii Virtual Console,True
980,981,DoubleADewi,9577,2017-10-14,Nintendo 64,True
981,982,Silas,9578,2019-01-30,Nintendo 64,True
982,983,NachoBrado,9591,2017-09-02,Wii Virtual Console,True
983,984,Tachycard1ac,9597,2021-08-22,Nintendo 64,True
984,985,toxicroakSR,9602,2024-01-27,Nintendo 64,True
985,986,SomeLazyGamer,9606,2023-10-07,Nintendo 64,True
986,987,Sadr,9638,2024-08-13,Nintendo 64,True
987,988,Toing-Toing,9646,2020-01-26,Nintendo 64,True
988,988,Truman,9646,2024-03-30,Nintendo 64,True
989,990,TheGaming100,9662,2020-08-15,Wii U Virtual Console,True
990,991,Umbreoff,9674,2018-05-11,Nintendo 64,True
991,992,Redhawk36,9682,2017-07-02,Nintendo 64,True
992,993,ross3102,9694,2024-07-13,Nintendo 64,True
993,994,P4ntz,9697,2015-12-20,Nintendo 64,True
994,995,hassanblackmoslem,9704,2017-07-08,Nintendo 64,True
995,996,Nostalgia64,9711,2020-06-27,Wii Virtual Console,True
996,997,4TL,9712,2022-07-19,Nintendo 64,True
997,998,CrimsonMay,9732,2017-01-15,Nintendo 64,True
998,998,evolus65537,9732,2017-05-31,Nintendo 64,True
999,1000,Nkitten,9749,2013-05-14,Wii Virtual Console,True
1000,1001,Zeldz08,9805,2024-01-14,Wii Virtual Console,True
1001,1002,docvader,9811,2023-08-14,Nintendo 64,True
1002,1003,LuigiDini,9828,2024-12-10,Nintendo 64,True
1003,1004,Cosmoing,9844,2016-06-25,Nintendo 64,True
1004,1005,Shizuka,9865,2025-03-10,Nintendo 64,True
1005,1006,GameVsPlayer,9872,2017-06-27,Nintendo 64,True
1006,1007,AprilSR,9873,2020-06-27,Nintendo 64,True
1007,1008,Taylor,9888,2022-10-15,Nintendo 64,True
1008,1009,JuegAriel,9909,2022-12-31,Wii Virtual Console,True
1009,1010,DNVIC,9910,2020-06-30,Nintendo 64,True
1010,1011,fr3akzii,9938,2021-07-16,Nintendo 64,True
1011,1012,bdef,9957,2024-08-18,Nintendo 64,True
1012,1013,DJGOO,9969,2020-10-09,Nintendo 64,True
1013,1014,RickDavoice,9975,2023-01-28,Nintendo 64,True
1014,1015,Nascar_316,9982,2023-03-08,Nintendo 64,True
1015,1015,FreezyPop,9982,2024-08-17,Switch,True
1016,1017,FinW,9990,2021-07-22,Nintendo 64,True
1017,1018,whichevermirror,10017,2021-10-24,Wii Virtual Console,True
1018,1019,MLSTRM,10019,2014-07-05,Wii Virtual Console,True
1019,1020,SavageMarc,10035,2020-05-17,Nintendo 64,True
1020,1021,Baysouflee,10043,2024-08-18,Switch,True
1021,1022,Bubzia,10045,2021-06-22,Wii Virtual Console,True
1022,1023,Superstinkyburps,10052,2024-07-25,Nintendo 64,True
1023,1024,456Productions,10055,2021-01-26,Nintendo 64,True
1024,1024,sam37RTL,10055,2024-08-14,Nintendo 64,True
1025,1026,TheSpeedPenguu,10083,2017-10-26,Nintendo 64,True
1026,1027,GreenSnowDog,10084,2024-07-02,Nintendo 64,True
1027,1028,Piper1618,10117,2020-04-10,Nintendo 64,True
1028,1029,Torzsa,10172,2022-07-23,Nintendo 64,True
1029,1030,conmangamer22,10180,2016-01-17,Wii U Virtual Console,True
1030,1031,jonhatan_34,10181,2024-07-13,Nintendo 64,True
1031,1032,RDTUniverse,10184,2019-04-04,Nintendo 64,True
1032,1033,dunewacky,10200,2019-12-31,Nintendo 64,True
1033,1034,vimasa,10242,2023-01-28,Nintendo 64,True
1034,1035,Intermedation,10254,2023-07-30,Nintendo 64,True
1035,1036,Cosmalano,10262,2022-06-06,Nintendo 64,True
1036,1037,RealPrimeSub,10275,2023-07-20,Nintendo 64,True
1037,1038,UsernamesAreHard,10294,2020-07-14,Nintendo 64,True
1038,1039,Armandeus,10295,2021-07-21,Nintendo 64,True
1039,1040,Vinnie_64,10299,2024-08-11,Nintendo 64,True
1040,1041,sascha-gaming,10315,2019-10-06,Nintendo 64,True
1041,1042,[jp]烏鳥 (Uchou),10322,,Nintendo 64,True
1042,1043,Camoose,10334,2023-12-10,Nintendo 64,True
1043,1044,flachmitz,10367,2017-07-31,Nintendo 64,True
1044,1045,frostyqc,10387,2024-11-04,Nintendo 64,True
1045,1046,TripleE,10388,2022-06-16,Switch,True
1046,1047,GTM,10396,2024-07-16,Nintendo 64,True
1047,1048,Kimlu,10401,2019-02-16,Nintendo 64,True
1048,1049,JuZockt,10478,2023-01-21,Wii Virtual Console,True
1049,1050,Sethblake97,10489,2020-01-13,Nintendo 64,True
1050,1051,[jp]フラッグ (Flag),10503,,Nintendo 64,True
1051,1052,LillieZora,10509,2021-12-11,Wii Virtual Console,True
1052,1053,Francesco,10512,2019-01-02,Wii Virtual Console,True
1053,1054,GothrockMike,10519,2023-07-18,Nintendo 64,True
1054,1055,Aryll,10521,2024-12-10,Nintendo 64,True
1055,1056,DeantheGodOfBeans,10533,2024-07-06,Nintendo 64,True
1056,1057,BennyTheGreat,10547,2022-07-22,Nintendo 64,True
1057,1058,MaddieKitttyyy,10551,2024-08-14,Nintendo 64,True
1058,1059,minikori,10555,2014-06-04,Nintendo 64,True
1059,1060,SuperPlayer,10559,2016-08-21,Nintendo 64,True
1060,1061,nullscythe,10561,2020-12-03,Nintendo 64,True
1061,1062,Kilatone,10570,,Wii Virtual Console,True
1062,1063,iZePlayz,10575,2019-12-21,Nintendo 64,True
1063,1064,LSky,10590,2024-08-18,Nintendo 64,True
1064,1065,Purple,10592,2019-06-20,Nintendo 64,True
1065,1066,Rochoe,10596,2016-10-12,Nintendo 64,True
1066,1067,Onezer13,10624,2020-01-25,Nintendo 64,True
1067,1068,HeyDave,10663,2022-08-16,Nintendo 64,True
1068,1069,depresstrogen,10666,2021-04-16,Nintendo 64,True
1069,1070,simozx,10686,2019-05-14,Nintendo 64,True
1070,1071,switch_runner,10699,2024-01-12,Nintendo 64,True
1071,1072,Baboulinet,10733,2022-02-12,Nintendo 64,True
1072,1073,SirRouven,10754,2014-05-17,Nintendo 64,True
1073,1074,eelusion,10758,2024-09-17,Nintendo 64,True
1074,1075,GregoTheGreatest,10760,2021-08-08,Nintendo 64,True
1075,1076,GreenyNeko,10762,2021-06-11,Nintendo 64,True
1076,1077,Lab-Rat,10770,2022-04-22,Nintendo 64,True
1077,1078,TWIP,10772,2020-08-12,Nintendo 64,True
1078,1079,HotterFuzzz,10778,2021-08-15,Nintendo 64,True
1079,1080,TimEbaysball,10784,2015-03-14,Nintendo 64,True
1080,1081,Haunted_1,10786,,Nintendo 64,True
1081,1082,QevDev,10807,2019-05-27,Nintendo 64,True
1082,1083,Zirams,10846,2022-06-02,Switch,True
1083,1084,toxic_743,10848,2023-07-01,Nintendo 64,True
1084,1085,FrenchiestFry2,10974,2021-08-27,Nintendo 64,True
1085,1086,theeImperial,10977,2022-02-05,Nintendo 64,True
1086,1087,NinShado,10989,2024-06-06,Switch,True
1087,1088,EmilyTheKoopa,11026,2024-06-29,Nintendo 64,True
1088,1089,CORF24,11035,2023-06-04,Nintendo 64,True
1089,1090,iBusterBlader,11038,2017-08-05,Nintendo 64,True
1090,1091,AdomHaMez,11041,2023-07-08,Switch,True
1091,1092,oNoise,11102,2023-06-04,Nintendo 64,True
1092,1093,[jp]コルポ (Korupo),11106,,Nintendo 64,True
1093,1094,capos00,11109,2024-08-19,Nintendo 64,True
1094,1095,JustaGuy101,11125,2021-03-13,Nintendo 64,True
1095,1096,anti,11130,2019-01-10,Nintendo 64,True
1096,1097,lillyloscalzo,11131,2025-04-22,Nintendo 64,True
1097,1098,Hallo815,11142,2017-11-03,Nintendo 64,True
1098,1098,64Fiend,11142,2019-06-17,Nintendo 64,True
1099,1100,Firemike321,11160,2021-05-03,Nintendo 64,True
1100,1101,CarlosAdame,11171,2022-01-02,Nintendo 64,True
1101,1102,3zachm,11199,2017-09-22,Nintendo 64,True
1102,1103,LaBrosse,11222,2014-08-02,Nintendo 64,True
1103,1104,Jimmie1717,11274,2016-12-11,Wii Virtual Console,True
1104,1105,retroswan,11295,2024-08-08,Nintendo 64,True
1105,1106,linky628,11328,2019-07-06,Wii Virtual Console,True
1106,1107,kirbyfan5009,11330,2017-10-07,Nintendo 64,True
1107,1108,B_D_I,11361,2022-06-05,Nintendo 64,True
1108,1109,damagechi,11365,2022-07-31,Nintendo 64,True
1109,1110,LucasFilmtDoor,11373,2019-08-06,Nintendo 64,True
1110,1111,Toadntoady,11401,2017-02-18,Nintendo 64,True
1111,1112,MarkTheSunbro,11425,2020-10-28,Nintendo 64,True
1112,1113,TheBluesMan,11496,2023-01-10,Nintendo 64,True
1113,1114,Marques64,11498,2023-10-27,Wii U Virtual Console,True
1114,1115,DarthEwok,11522,2022-06-10,Nintendo 64,True
1115,1116,KTR31,11524,2021-06-26,Nintendo 64,True
1116,1117,GuzzinatorLIVE,11533,2019-09-15,Nintendo 64,True
1117,1118,kell96kell,11571,2018-08-27,Nintendo 64,True
1118,1119,DANIDANDY,11640,2021-01-06,Nintendo 64,True
1119,1120,PsychoChayden69,11671,2023-10-31,Nintendo 64,True
1120,1121,Runnerguy2489,11681,2022-07-30,Nintendo 64,True
1121,1122,Yoshikiller109,11691,2024-11-29,Nintendo 64,True
1122,1123,EthansLazyGaming,11706,2014-12-22,Wii Virtual Console,True
1123,1124,Poloms,11722,2025-03-02,Nintendo 64,True
1124,1125,Klaxxy73,11733,2024-07-18,Nintendo 64,True
1125,1126,CookieNaval,11741,2021-10-17,Nintendo 64,True
1126,1126,thicccjim024,11741,2025-03-23,Nintendo 64,True
1127,1128,NEVERDOORS,11803,2013-06-21,Wii Virtual Console,True
1128,1129,Mooismyusername,11826,2020-08-08,Nintendo 64,True
1129,1130,Seal2343,11832,2019-06-17,Nintendo 64,True
1130,1131,BlueSnipeD,11834,2025-04-22,Nintendo 64,True
1131,1132,quarters,11860,2022-06-01,Nintendo 64,True
1132,1133,TimeLink,11893,2015-11-21,Nintendo 64,True
1133,1134,Devil6Lair,11895,2014-07-07,Wii Virtual Console,True
1134,1135,Guptina,11911,2021-05-09,Nintendo 64,True
1135,1136,RaikBlaidd,11933,2022-06-17,Nintendo 64,True
1136,1137,KrystalSM64,11988,2020-05-28,Nintendo 64,True
1137,1138,Alphaman,12050,2014-08-10,Nintendo 64,True
1138,1139,Yoopicul,12095,2024-06-27,Nintendo 64,True
1139,1140,A2Rhombus,12118,2021-06-26,Wii Virtual Console,True
1140,1141,tutgreen,12120,2015-02-16,Wii Virtual Console,True
1141,1142,dreamer72,12138,2019-12-10,Nintendo 64,True
1142,1143,Neoooo,12140,2019-02-22,Nintendo 64,True
1143,1144,Prismatic_Fast,12213,2022-05-17,Nintendo 64,True
1144,1145,supermanover00,12229,2020-09-21,Nintendo 64,True
1145,1146,imSpenc,12263,2017-06-10,Nintendo 64,True
1146,1147,Jumpyluff,12266,,Nintendo 64,True
1147,1148,Leck_M,12287,2021-09-16,Nintendo 64,True
1148,1149,SayoriSmiles,12333,2020-10-04,Nintendo 64,True
1149,1150,SnipinG117,12358,2014-09-04,Wii Virtual Console,True
1150,1151,LPhantom,12436,2024-07-13,Nintendo 64,True
1151,1152,Glennjamin,12460,2022-02-03,Nintendo 64,True
1152,1153,aJames_30,12487,2022-07-31,Nintendo 64,True
1153,1154,Shyvlee,12490,2022-12-22,Wii Virtual Console,True
1154,1155,Th3Candl3ChanT,12498,2022-06-08,Nintendo 64,True
1155,1156,NathanielBandy,12526,2015-03-14,Nintendo 64,True
1156,1157,Sweden270,12534,,Nintendo 64,True
1157,1158,PeekingBoo,12574,2020-02-22,Nintendo 64,True
1158,1159,MoonlitChris,12584,2015-12-11,Wii Virtual Console,True
1159,1160,silvarethedwarf,12642,2020-04-05,Nintendo 64,True
1160,1161,BillyLJ,12670,2023-07-16,Nintendo 64,True
1161,1162,LuckyOwl360,12705,2024-07-24,Nintendo 64,True
1162,1163,XandoToaster,12706,2021-11-26,Nintendo 64,True
1163,1164,josephlitz,12725,2019-05-12,Nintendo 64,True
1164,1165,Yasmin_2314,12775,2024-07-29,Nintendo 64,True
1165,1166,Mario_51,12797,2021-12-31,Nintendo 64,True
1166,1167,AngryPotato,12806,2015-07-20,Nintendo 64,True
1167,1168,Juna,12866,2019-03-28,Wii Virtual Console,True
1168,1168,waz00,12866,2022-12-29,Wii Virtual Console,True
1169,1170,JokerTropical,12895,2024-05-17,Nintendo 64,True
1170,1171,llunaecy,12936,2017-10-17,Wii Virtual Console,True
1171,1172,bobthaboy,12945,2022-11-27,Nintendo 64,True
1172,1173,Ker_Pouic-Pouic,13091,2024-07-17,Nintendo 64,True
1173,1174,hunterico,13120,2017-09-20,Nintendo 64,True
1174,1175,Serenity,13154,2016-08-17,Wii Virtual Console,True
1175,1176,RawkusX,13243,2016-01-09,Nintendo 64,True
1176,1177,GemOfLo,13268,2023-12-17,Nintendo 64,True
1177,1178,Leck,13300,2020-12-14,Nintendo 64,True
1178,1179,Sjotyme,13316,2022-01-22,Nintendo 64,True
1179,1180,Wisdurm,13333,2023-07-04,Wii Virtual Console,True
1180,1181,bakedpotato12,13353,2013-04-25,Nintendo 64,True
1181,1182,fullaire,13359,2020-09-06,Nintendo 64,True
1182,1183,playy_mo,13399,2022-05-28,Nintendo 64,True
1183,1184,angry,13443,2019-07-23,Nintendo 64,True
1184,1185,TacoDeTrompo,13452,2020-07-19,Nintendo 64,True
1185,1186,Gritich,13590,2024-02-20,Nintendo 64,True
1186,1187,RaikouRider,13608,2017-09-03,Nintendo 64,True
1187,1188,smartalec24,13718,2016-06-07,Nintendo 64,True
1188,1189,Tuskii_TV,13781,2024-08-12,Nintendo 64,True
1189,1190,runnosh,13786,2021-07-10,Nintendo 64,True
1190,1191,TheMisharoom,13846,2023-02-06,Nintendo 64,True
1191,1192,mattskid92,13923,2017-06-04,Nintendo 64,True
1192,1193,ElNacho,13977,2018-01-28,Nintendo 64,True
1193,1194,Dracobat10,14021,2017-07-30,Nintendo 64,True
1194,1195,Stormkyleis,14036,2023-07-25,Nintendo 64,True
1195,1196,megalovania,14049,2024-07-13,Nintendo 64,True
1196,1197,andypanther,14077,2015-07-12,Nintendo 64,True
1197,1198,Blahaj64,14100,2023-02-19,Nintendo 64,True
1198,1199,LeDoeh,14129,2023-08-01,Nintendo 64,True
1199,1200,quo,14168,2019-03-27,Nintendo 64,True
1200,1201,L0G1C_B1T,14207,2023-07-21,Nintendo 64,True
1201,1202,Thiradell,14282,2016-05-30,Nintendo 64,True
1202,1203,luey_gaming_guy,14291,2024-07-11,Nintendo 64,True
1203,1204,lozplyr89,14326,2017-07-30,Nintendo 64,True
1204,1205,MiRiNiOR,14380,2022-01-12,Nintendo 64,True
1205,1206,NoxZet,14414,2022-01-30,Nintendo 64,True
1206,1207,Yoloswaggins65,14417,2021-04-21,Nintendo 64,True
1207,1208,MonkeyDivo,14524,2014-05-31,Nintendo 64,True
1208,1209,MelloMathTeacher,14542,2023-07-31,Nintendo 64,True
1209,1210,AtomicHex,14704,2017-08-27,Nintendo 64,True
1210,1211,IwerSonsch,14776,2020-08-05,Nintendo 64,True
1211,1212,Gion915,14870,2020-06-29,Nintendo 64,True
1212,1213,JulianS96,15047,2015-08-19,Nintendo 64,True
1213,1214,Warriorlink,15168,2021-11-14,Wii U Virtual Console,True
1214,1215,nickj109,15200,2014-05-18,Wii Virtual Console,True
1215,1215,Molonio,15200,2017-09-01,Nintendo 64,True
1216,1217,SunnyUT,15204,2020-09-27,Nintendo 64,True
1217,1218,Caysekong,15292,2023-06-13,Nintendo 64,True
1218,1219,SmokeScreamGD,15312,2024-11-27,Nintendo 64,True
1219,1220,Olympus72,15357,2015-06-13,Wii Virtual Console,True
1220,1221,Dampes_Feet,15365,2021-12-22,Nintendo 64,True
1221,1222,welldooder64,15454,2015-09-12,Wii Virtual Console,True
1222,1223,Automat1cJack,15562,2016-08-21,Nintendo 64,True
1223,1224,2003041,15606,2021-06-23,Nintendo 64,True
1224,1225,JayyKayy,15693,2023-07-30,Nintendo 64,True
1225,1226,bucky310,15694,2017-07-23,Nintendo 64,True
1226,1227,b3rrics,15729,2022-06-11,Nintendo 64,True
1227,1228,WWolf77,15806,2016-05-28,Nintendo 64,True
1228,1229,hallotje,15810,2023-02-18,Nintendo 64,True
1229,1230,Dyceron,15891,2020-01-31,Wii Virtual Console,True
1230,1231,AdamJ,16013,2023-07-31,Nintendo 64,True
1231,1232,ziggittyzig,16187,2021-05-23,Nintendo 64,True
1232,1233,robthegamer115,16224,2017-07-30,Nintendo 64,True
1233,1234,McMurdo,16284,2024-07-06,Nintendo 64,True
1234,1235,SolonelyCapybara,16472,2023-01-28,Nintendo 64,True
1235,1236,DesVoador,16478,2021-10-28,Nintendo 64,True
1236,1237,PsyMarth,16561,2022-07-30,Nintendo 64,True
1237,1238,mouthclampedtight,16737,2020-05-20,Nintendo 64,True
1238,1239,Conklestothemax,16808,2017-12-27,Nintendo 64,True
1239,1240,MarcyG33,16844,2019-07-20,Nintendo 64,True
1240,1241,FrostySeason,16882,2021-10-09,Nintendo 64,True
1241,1242,angryponcho,17040,2015-05-26,Nintendo 64,True
1242,1243,RPMRosie,17235,2021-10-14,Wii U Virtual Console,True
1243,1244,Natetastic28,17357,2023-07-29,Nintendo 64,True
1244,1245,xMaRiOoxYT,17419,2021-12-27,Nintendo 64,True
1245,1246,gfarudi,17422,2022-06-07,Nintendo 64,True
1246,1247,BenYork36,17564,2020-06-09,Nintendo 64,True
1247,1248,Latsu7,17581,2022-08-05,Nintendo 64,True
1248,1249,Nickfin,17769,,Nintendo 64,True
1249,1250,tj99er,17789,2017-05-10,Wii U Virtual Console,True
1250,1251,crybunnygirl,17791,2022-06-06,Nintendo 64,True
1251,1252,Ironstark,17908,2024-03-19,Nintendo 64,True
1252,1253,JBobomb22,17994,2024-08-10,Nintendo 64,True
1253,1254,Mars02,18779,2022-07-25,Nintendo 64,True
1254,1255,Subglacious,20060,2023-07-08,Nintendo 64,True
1255,1256,BuerNOR,20351,2017-09-21,Nintendo 64,True
1256,1257,32,20981,2020-08-23,Nintendo 64,True
1257,1258,thomas123,20995,2020-02-23,Nintendo 64,True
1258,1259,Cheezlhead,21093,2020-12-30,Wii Virtual Console,True
1259,1260,SpeedNintendo,21104,2019-07-05,Nintendo 64,True
1260,1261,runs_ng,21384,2022-06-19,Nintendo 64,True
1261,1262,DanimalSounds,21558,2016-06-25,Nintendo 64,True
1262,1263,Milk,21607,2015-03-07,Wii Virtual Console,True
1263,1264,SomeGirl,21656,2016-06-24,Nintendo 64,True
1264,1265,TeamAonn,22282,2018-08-07,Nintendo 64,True
1265,1266,drumstix576,23064,2023-07-28,Nintendo 64,True
1266,1267,salsixa,23993,2021-09-04,Nintendo 64,True
1267,1268,aflyingcougar,24438,2024-07-11,Nintendo 64,True
1268,1269,Arbitrary_Hero,27426,2019-12-15,Nintendo 64,True
1269,1270,asashihi,29935,2022-10-30,Nintendo 64,True
1270,1271,culinwino,31688,2018-11-09,Nintendo 64,True
1271,1272,keegansimyh,31992,2021-08-22,Wii Virtual Console,True
1272,1273,Plexicream,32682,2020-11-24,Nintendo 64,True
1273,1274,Sudai,36128,2024-06-11,Nintendo 64,True
1274,1275,kam4ran,38440,2020-05-24,Nintendo 64,True
1275,1276,Andrick11,59562,2015-06-15,Nintendo 64,True
1276,1277,AslaTavi,66442,2022-08-28,Nintendo 64,True
